OH,OWB
34,23
34,23
34,23
34,23
34,23
28,10
28,10
28,10
28,10
28,10
135,45
135,45
135,45
135,45
135,45
80,32
80,32
80,32
80,32
80,32
64,32
64,32
64,32
64,32
64,32
3,4
3,4
3,4
3,4
3,4
64,13
64,13
64,13
64,13
64,13
20,4
20,4
20,4
20,4
20,4
40,10
40,10
40,10
40,10
40,10
72,16
72,16
72,16
72,16
72,16
20,5
20,5
20,5
20,5
20,5
26,7
26,7
26,7
26,7
26,7
160,32
160,32
160,32
160,32
160,32
90,26
90,26
90,26
90,26
90,26
72,20
72,20
72,20
72,20
72,20
384,128
384,128
384,128
384,128
384,128
20,5
20,5
20,5
20,5
20,5
7,2
7,2
7,2
7,2
7,2
7,8
7,8
7,8
7,8
7,8
80,20
80,20
80,20
80,20
80,20
160,40
160,40
160,40
160,40
160,40
112,45
112,45
112,45
112,45
112,45
160,32
160,32
160,32
160,32
160,32
32,8
32,8
32,8
32,8
32,8
480,160
480,160
480,160
480,160
480,160
16,4
16,4
16,4
16,4
16,4
14,3
14,3
14,3
14,3
14,3
10,8
10,8
10,8
10,8
10,8
8,20
8,20
8,20
8,20
8,20
48,16
48,16
48,16
48,16
48,16
32,16
32,16
32,16
32,16
32,16
20,5
20,5
20,5
20,5
20,5
80,20
80,20
80,20
80,20
80,20
13,3
13,3
13,3
13,3
13,3
4,8
4,8
4,8
4,8
4,8
40,8
40,8
40,8
40,8
40,8
2,3
2,3
2,3
2,3
2,3
224,45
224,45
224,45
224,45
224,45
224,80
224,80
224,80
224,80
224,80
32,7
32,7
32,7
32,7
32,7
32,8
32,8
32,8
32,8
32,8
24,8
24,8
24,8
24,8
24,8
2,5
2,5
2,5
2,5
2,5
64,20
64,20
64,20
64,20
64,20
32,20
32,20
32,20
32,20
32,20
14,3
14,3
14,3
14,3
14,3
20,4
20,4
20,4
20,4
20,4
13,7
13,7
13,7
13,7
13,7
13,3
13,3
13,3
13,3
13,3
24,8
24,8
24,8
24,8
24,8
480,160
480,160
480,160
480,160
480,160
40,8
40,8
40,8
40,8
40,8
32,7
32,7
32,7
32,7
32,7
80,20
80,20
80,20
80,20
80,20
208,42
208,42
208,42
208,42
208,42
32,8
32,8
32,8
32,8
32,8
40,8
40,8
40,8
40,8
40,8
7,2
7,2
7,2
7,2
7,2
32,8
32,8
32,8
32,8
32,8
160,32
160,32
160,32
160,32
160,32
32,7
32,7
32,7
32,7
32,7
40,10
40,10
40,10
40,10
40,10
16,16
16,16
16,16
16,16
16,16
28,8
28,8
28,8
28,8
28,8
14,3
14,3
14,3
14,3
14,3
224,45
224,45
224,45
224,45
224,45
45,12
45,12
45,12
45,12
45,12
160,32
160,32
160,32
160,32
160,32
7,7
7,7
7,7
7,7
7,7
29,7
29,7
29,7
29,7
29,7
80,16
80,16
80,16
80,16
80,16
4,4
4,4
4,4
4,4
4,4
2,2
2,2
2,2
2,2
2,2
80,20
80,20
80,20
80,20
80,20
96,80
96,80
96,80
96,80
96,80
160,32
160,32
160,32
160,32
160,32
101,23
101,23
101,23
101,23
101,23
32,8
32,8
32,8
32,8
32,8
160,40
160,40
160,40
160,40
160,40
20,8
20,8
20,8
20,8
20,8
96,32
96,32
96,32
96,32
96,32
24,16
24,16
24,16
24,16
24,16
10,2
10,2
10,2
10,2
10,2
16,6
16,6
16,6
16,6
16,6
7,8
7,8
7,8
7,8
7,8
16,5
16,5
16,5
16,5
16,5
24,10
24,10
24,10
24,10
24,10
32,13
32,13
32,13
32,13
32,13
32,16
32,16
32,16
32,16
32,16
120,32
120,32
120,32
120,32
120,32
2,4
2,4
2,4
2,4
2,4
14,5
14,5
14,5
14,5
14,5
56,12
56,12
56,12
56,12
56,12
40,8
40,8
40,8
40,8
40,8
26,8
26,8
26,8
26,8
26,8
32,8
32,8
32,8
32,8
32,8
28,6
28,6
28,6
28,6
28,6
2,4
2,4
2,4
2,4
2,4
42,11
42,11
42,11
42,11
42,11
80,16
80,16
80,16
80,16
80,16
40,8
40,8
40,8
40,8
40,8
128,26
128,26
128,26
128,26
128,26
28,12
28,12
28,12
28,12
28,12
3,3
3,3
3,3
3,3
3,3
12,8
12,8
12,8
12,8
12,8
14,5
14,5
14,5
14,5
14,5
23,7
23,7
23,7
23,7
23,7
120,32
120,32
120,32
120,32
120,32
20,5
20,5
20,5
20,5
20,5
480,160
480,160
480,160
480,160
480,160
8,5
8,5
8,5
8,5
8,5
231,52
231,52
231,52
231,52
231,52
20,4
20,4
20,4
20,4
20,4
20,5
20,5
20,5
20,5
20,5
80,16
80,16
80,16
80,16
80,16
6,4
6,4
6,4
6,4
6,4
128,26
128,26
128,26
128,26
128,26
64,16
64,16
64,16
64,16
64,16
20,5
20,5
20,5
20,5
20,5
14,3
14,3
14,3
14,3
14,3
96,32
96,32
96,32
96,32
96,32
56,20
56,20
56,20
56,20
56,20
20,4
20,4
20,4
20,4
20,4
52,13
52,13
52,13
52,13
52,13
256,52
256,52
256,52
256,52
256,52
7,8
7,8
7,8
7,8
7,8
12,4
12,4
12,4
12,4
12,4
24,10
24,10
24,10
24,10
24,10
4,7
4,7
4,7
4,7
4,7
26,13
26,13
26,13
26,13
26,13
4,4
4,4
4,4
4,4
4,4
64,13
64,13
64,13
64,13
64,13
480,160
480,160
480,160
480,160
480,160
52,13
52,13
52,13
52,13
52,13
112,40
112,40
112,40
112,40
112,40
84,32
84,32
84,32
84,32
84,32
52,26
52,26
52,26
52,26
52,26
64,13
64,13
64,13
64,13
64,13
32,7
32,7
32,7
32,7
32,7
26,13
26,13
26,13
26,13
26,13
24,16
24,16
24,16
24,16
24,16
32,8
32,8
32,8
32,8
32,8
16,4
16,4
16,4
16,4
16,4
80,16
80,16
80,16
80,16
80,16
14,3
14,3
14,3
14,3
14,3
108,32
108,32
108,32
108,32
108,32
64,13
64,13
64,13
64,13
64,13
16,32
16,32
16,32
16,32
16,32
40,8
40,8
40,8
40,8
40,8
13,3
13,3
13,3
13,3
13,3
10,2
10,2
10,2
10,2
10,2
80,20
80,20
80,20
80,20
80,20
20,5
20,5
20,5
20,5
20,5
144,32
144,32
144,32
144,32
144,32
23,8
23,8
23,8
23,8
23,8
64,13
64,13
64,13
64,13
64,13
26,52
26,52
26,52
26,52
26,52
10,2
10,2
10,2
10,2
10,2
12,3
12,3
12,3
12,3
12,3
160,32
160,32
160,32
160,32
160,32
10,2
10,2
10,2
10,2
10,2
120,32
120,32
120,32
120,32
120,32
24,10
24,10
24,10
24,10
24,10
32,8
32,8
32,8
32,8
32,8
36,10
36,10
36,10
36,10
36,10
20,4
20,4
20,4
20,4
20,4
20,4
20,4
20,4
20,4
20,4
26,6
26,6
26,6
26,6
26,6
40,16
40,16
40,16
40,16
40,16
20,4
20,4
20,4
20,4
20,4
20,4
20,4
20,4
20,4
20,4
12,8
12,8
12,8
12,8
12,8
160,32
160,32
160,32
160,32
160,32
20,4
20,4
20,4
20,4
20,4
80,20
80,20
80,20
80,20
80,20
26,26
26,26
26,26
26,26
26,26
8,6
8,6
8,6
8,6
8,6
52,13
52,13
52,13
52,13
52,13
160,32
160,32
160,32
160,32
160,32
16,10
16,10
16,10
16,10
16,10
32,8
32,8
32,8
32,8
32,8
116,26
116,26
116,26
116,26
116,26
17,12
17,12
17,12
17,12
17,12
32,8
32,8
32,8
32,8
32,8
64,13
64,13
64,13
64,13
64,13
160,40
160,40
160,40
160,40
160,40
36,8
36,8
36,8
36,8
36,8
32,7
32,7
32,7
32,7
32,7
13,3
13,3
13,3
13,3
13,3
20,4
20,4
20,4
20,4
20,4
40,8
40,8
40,8
40,8
40,8
120,32
120,32
120,32
120,32
120,32
56,20
56,20
56,20
56,20
56,20
20,4
20,4
20,4
20,4
20,4
40,10
40,10
40,10
40,10
40,10
208,42
208,42
208,42
208,42
208,42
10,2
10,2
10,2
10,2
10,2
56,12
56,12
56,12
56,12
56,12
73,26
73,26
73,26
73,26
73,26
13,3
13,3
13,3
13,3
13,3
80,20
80,20
80,20
80,20
80,20
20,5
20,5
20,5
20,5
20,5
120,32
120,32
120,32
120,32
120,32
112,23
112,23
112,23
112,23
112,23
64,16
64,16
64,16
64,16
64,16
11,3
11,3
11,3
11,3
11,3
32,7
32,7
32,7
32,7
32,7
40,10
40,10
40,10
40,10
40,10
104,26
104,26
104,26
104,26
104,26
80,16
80,16
80,16
80,16
80,16
32,8
32,8
32,8
32,8
32,8
160,32
160,32
160,32
160,32
160,32
160,32
160,32
160,32
160,32
160,32
52,13
52,13
52,13
52,13
52,13
480,160
480,160
480,160
480,160
480,160
26,8
26,8
26,8
26,8
26,8
56,12
56,12
56,12
56,12
56,12
52,11
52,11
52,11
52,11
52,11
32,8
32,8
32,8
32,8
32,8
240,64
240,64
240,64
240,64
240,64
24,8
24,8
24,8
24,8
24,8
32,21
32,21
32,21
32,21
32,21
20,5
20,5
20,5
20,5
20,5
40,10
40,10
40,10
40,10
40,10
32,8
32,8
32,8
32,8
32,8
120,32
120,32
120,32
120,32
120,32
128,26
128,26
128,26
128,26
128,26
20,8
20,8
20,8
20,8
20,8
80,20
80,20
80,20
80,20
80,20
28,12
28,12
28,12
28,12
28,12
224,45
224,45
224,45
224,45
224,45
16,20
16,20
16,20
16,20
16,20
20,8
20,8
20,8
20,8
20,8
202,45
202,45
202,45
202,45
202,45
120,32
120,32
120,32
120,32
120,32
32,7
32,7
32,7
32,7
32,7
104,21
104,21
104,21
104,21
104,21
84,32
84,32
84,32
84,32
84,32
80,20
80,20
80,20
80,20
80,20
224,45
224,45
224,45
224,45
224,45
32,7
32,7
32,7
32,7
32,7
10,7
10,7
10,7
10,7
10,7
23,12
23,12
23,12
23,12
23,12
32,8
32,8
32,8
32,8
32,8
32,8
32,8
32,8
32,8
32,8
32,8
32,8
32,8
32,8
32,8
120,32
120,32
120,32
120,32
120,32
32,8
32,8
32,8
32,8
32,8
4,8
4,8
4,8
4,8
4,8
80,16
80,16
80,16
80,16
80,16
13,8
13,8
13,8
13,8
13,8
40,8
40,8
40,8
40,8
40,8
64,13
64,13
64,13
64,13
64,13
4,5
4,5
4,5
4,5
4,5
160,40
160,40
160,40
160,40
160,40
58,13
58,13
58,13
58,13
58,13
256,52
256,52
256,52
256,52
256,52
20,4
20,4
20,4
20,4
20,4
288,160
288,160
288,160
288,160
288,160
160,32
160,32
160,32
160,32
160,32
2,2
2,2
2,2
2,2
2,2
16,20
16,20
16,20
16,20
16,20
16,16
16,16
16,16
16,16
16,16
73,21
73,21
73,21
73,21
73,21
32,11
32,11
32,11
32,11
32,11
20,4
20,4
20,4
20,4
20,4
90,45
90,45
90,45
90,45
90,45
80,16
80,16
80,16
80,16
80,16
80,20
80,20
80,20
80,20
80,20
6,4
6,4
6,4
6,4
6,4
28,8
28,8
28,8
28,8
28,8
64,13
64,13
64,13
64,13
64,13
13,4
13,4
13,4
13,4
13,4
80,16
80,16
80,16
80,16
80,16
12,12
12,12
12,12
12,12
12,12
160,32
160,32
160,32
160,32
160,32
80,16
80,16
80,16
80,16
80,16
80,16
80,16
80,16
80,16
80,16
80,16
80,16
80,16
80,16
80,16
112,23
112,23
112,23
112,23
112,23
12,4
12,4
12,4
12,4
12,4
14,3
14,3
14,3
14,3
14,3
160,40
160,40
160,40
160,40
160,40
32,8
32,8
32,8
32,8
32,8
80,20
80,20
80,20
80,20
80,20
20,5
20,5
20,5
20,5
20,5
40,10
40,10
40,10
40,10
40,10
23,8
23,8
23,8
23,8
23,8
80,20
80,20
80,20
80,20
80,20
10,2
10,2
10,2
10,2
10,2
432,160
432,160
432,160
432,160
432,160
10,2
10,2
10,2
10,2
10,2
80,16
80,16
80,16
80,16
80,16
12,3
12,3
12,3
12,3
12,3
32,8
32,8
32,8
32,8
32,8
16,32
16,32
16,32
16,32
16,32
32,7
32,7
32,7
32,7
32,7
120,32
120,32
120,32
120,32
120,32
20,7
20,7
20,7
20,7
20,7
256,52
256,52
256,52
256,52
256,52
8,5
8,5
8,5
8,5
8,5
20,5
20,5
20,5
20,5
20,5
32,32
32,32
32,32
32,32
32,32
6,6
6,6
6,6
6,6
6,6
20,5
20,5
20,5
20,5
20,5
72,16
72,16
72,16
72,16
72,16
13,3
13,3
13,3
13,3
13,3
16,20
16,20
16,20
16,20
16,20
120,32
120,32
120,32
120,32
120,32
16,8
16,8
16,8
16,8
16,8
224,45
224,45
224,45
224,45
224,45
28,6
28,6
28,6
28,6
28,6
16,4
16,4
16,4
16,4
16,4
32,8
32,8
32,8
32,8
32,8
80,32
80,32
80,32
80,32
80,32
8,20
8,20
8,20
8,20
8,20
104,21
104,21
104,21
104,21
104,21
320,80
320,80
320,80
320,80
320,80
48,20
48,20
48,20
48,20
48,20
240,160
240,160
240,160
240,160
240,160
480,160
480,160
480,160
480,160
480,160
64,13
64,13
64,13
64,13
64,13
20,4
20,4
20,4
20,4
20,4
23,6
23,6
23,6
23,6
23,6
10,8
10,8
10,8
10,8
10,8
2,3
2,3
2,3
2,3
2,3
16,16
16,16
16,16
16,16
16,16
11,6
11,6
11,6
11,6
11,6
4,4
4,4
4,4
4,4
4,4
20,5
20,5
20,5
20,5
20,5
4,2
4,2
4,2
4,2
4,2
40,8
40,8
40,8
40,8
40,8
16,8
16,8
16,8
16,8
16,8
7,4
7,4
7,4
7,4
7,4
40,8
40,8
40,8
40,8
40,8
20,7
20,7
20,7
20,7
20,7
56,12
56,12
56,12
56,12
56,12
48,20
48,20
48,20
48,20
48,20
120,32
120,32
120,32
120,32
120,32
45,45
45,45
45,45
45,45
45,45
8,8
8,8
8,8
8,8
8,8
160,40
160,40
160,40
160,40
160,40
80,16
80,16
80,16
80,16
80,16
13,3
13,3
13,3
13,3
13,3
240,64
240,64
240,64
240,64
240,64
40,10
40,10
40,10
40,10
40,10
3,3
3,3
3,3
3,3
3,3
32,7
32,7
32,7
32,7
32,7
160,32
160,32
160,32
160,32
160,32
8,4
8,4
8,4
8,4
8,4
26,7
26,7
26,7
26,7
26,7
64,13
64,13
64,13
64,13
64,13
64,20
64,20
64,20
64,20
64,20
80,16
80,16
80,16
80,16
80,16
5,2
5,2
5,2
5,2
5,2
432,128
432,128
432,128
432,128
432,128
10,2
10,2
10,2
10,2
10,2
128,26
128,26
128,26
128,26
128,26
292,84
292,84
292,84
292,84
292,84
3,6
3,6
3,6
3,6
3,6
21,7
21,7
21,7
21,7
21,7
1,2
1,2
1,2
1,2
1,2
26,7
26,7
26,7
26,7
26,7
2,3
2,3
2,3
2,3
2,3
80,16
80,16
80,16
80,16
80,16
16,8
16,8
16,8
16,8
16,8
40,8
40,8
40,8
40,8
40,8
12,12
12,12
12,12
12,12
12,12
80,32
80,32
80,32
80,32
80,32
256,52
256,52
256,52
256,52
256,52
16,7
16,7
16,7
16,7
16,7
40,8
40,8
40,8
40,8
40,8
26,7
26,7
26,7
26,7
26,7
36,8
36,8
36,8
36,8
36,8
192,80
192,80
192,80
192,80
192,80
40,8
40,8
40,8
40,8
40,8
72,16
72,16
72,16
72,16
72,16
8,5
8,5
8,5
8,5
8,5
80,20
80,20
80,20
80,20
80,20
10,5
10,5
10,5
10,5
10,5
7,8
7,8
7,8
7,8
7,8
28,10
28,10
28,10
28,10
28,10
8,8
8,8
8,8
8,8
8,8
28,10
28,10
28,10
28,10
28,10
10,5
10,5
10,5
10,5
10,5
40,8
40,8
40,8
40,8
40,8
4,8
4,8
4,8
4,8
4,8
40,8
40,8
40,8
40,8
40,8
6,11
6,11
6,11
6,11
6,11
28,6
28,6
28,6
28,6
28,6
11,3
11,3
11,3
11,3
11,3
80,20
80,20
80,20
80,20
80,20
40,8
40,8
40,8
40,8
40,8
80,16
80,16
80,16
80,16
80,16
32,8
32,8
32,8
32,8
32,8
32,8
32,8
32,8
32,8
32,8
8,4
8,4
8,4
8,4
8,4
20,6
20,6
20,6
20,6
20,6
32,8
32,8
32,8
32,8
32,8
64,13
64,13
64,13
64,13
64,13
160,32
160,32
160,32
160,32
160,32
120,32
120,32
120,32
120,32
120,32
26,6
26,6
26,6
26,6
26,6
29,7
29,7
29,7
29,7
29,7
40,10
40,10
40,10
40,10
40,10
6,11
6,11
6,11
6,11
6,11
20,7
20,7
20,7
20,7
20,7
7,7
7,7
7,7
7,7
7,7
40,8
40,8
40,8
40,8
40,8
80,20
80,20
80,20
80,20
80,20
32,7
32,7
32,7
32,7
32,7
6,2
6,2
6,2
6,2
6,2
40,10
40,10
40,10
40,10
40,10
6,12
6,12
6,12
6,12
6,12
80,16
80,16
80,16
80,16
80,16
160,32
160,32
160,32
160,32
160,32
24,20
24,20
24,20
24,20
24,20
32,8
32,8
32,8
32,8
32,8
32,7
32,7
32,7
32,7
32,7
32,8
32,8
32,8
32,8
32,8
32,32
32,32
32,32
32,32
32,32
28,6
28,6
28,6
28,6
28,6
16,10
16,10
16,10
16,10
16,10
23,7
23,7
23,7
23,7
23,7
32,32
32,32
32,32
32,32
32,32
7,7
7,7
7,7
7,7
7,7
128,52
128,52
128,52
128,52
128,52
14,4
14,4
14,4
14,4
14,4
40,10
40,10
40,10
40,10
40,10
12,3
12,3
12,3
12,3
12,3
80,16
80,16
80,16
80,16
80,16
10,2
10,2
10,2
10,2
10,2
6,4
6,4
6,4
6,4
6,4
112,23
112,23
112,23
112,23
112,23
2,4
2,4
2,4
2,4
2,4
80,20
80,20
80,20
80,20
80,20
2,3
2,3
2,3
2,3
2,3
160,32
160,32
160,32
160,32
160,32
56,12
56,12
56,12
56,12
56,12
104,26
104,26
104,26
104,26
104,26
9,2
9,2
9,2
9,2
9,2
240,128
240,128
240,128
240,128
240,128
12,10
12,10
12,10
12,10
12,10
10,4
10,4
10,4
10,4
10,4
42,13
42,13
42,13
42,13
42,13
5,3
5,3
5,3
5,3
5,3
45,13
45,13
45,13
45,13
45,13
11,21
11,21
11,21
11,21
11,21
68,45
68,45
68,45
68,45
68,45
120,32
120,32
120,32
120,32
120,32
12,32
12,32
12,32
12,32
12,32
6,2
6,2
6,2
6,2
6,2
240,64
240,64
240,64
240,64
240,64
20,7
20,7
20,7
20,7
20,7
416,84
416,84
416,84
416,84
416,84
8,16
8,16
8,16
8,16
8,16
18,4
18,4
18,4
18,4
18,4
5,3
5,3
5,3
5,3
5,3
40,10
40,10
40,10
40,10
40,10
32,32
32,32
32,32
32,32
32,32
32,8
32,8
32,8
32,8
32,8
128,26
128,26
128,26
128,26
128,26
16,40
16,40
16,40
16,40
16,40
120,32
120,32
120,32
120,32
120,32
20,4
20,4
20,4
20,4
13,3
13,3
13,3
13,3
32,8
32,8
32,8
32,8
32,8
32,8
32,8
32,8
36,32
36,32
36,32
36,32
80,20
80,20
80,20
80,20
160,32
160,32
160,32
160,32
80,16
80,16
80,16
80,16
26,6
26,6
26,6
26,6
10,2
10,2
10,2
10,2
10,2
10,2
10,2
10,2
13,8
13,8
13,8
13,8
8,16
8,16
8,16
8,16
16,5
16,5
16,5
16,5
108,32
108,32
108,32
108,32
13,3
13,3
13,3
13,3
32,7
32,7
32,7
32,7
4,7
4,7
4,7
4,7
26,6
26,6
26,6
26,6
29,8
29,8
29,8
29,8
32,16
32,16
32,16
32,16
480,128
480,128
480,128
480,128
56,12
56,12
56,12
56,12
20,4
20,4
20,4
20,4
56,12
56,12
56,12
56,12
17,6
17,6
17,6
17,6
320,80
320,80
320,80
320,80
40,8
40,8
40,8
40,8
144,32
144,32
144,32
144,32
14,3
14,3
14,3
14,3
24,20
24,20
24,20
24,20
20,10
20,10
20,10
20,10
160,40
160,40
160,40
160,40
160,40
160,40
160,40
160,40
120,32
120,32
120,32
120,32
28,8
28,8
28,8
28,8
32,8
32,8
32,8
32,8
20,4
20,4
20,4
20,4
80,16
80,16
80,16
80,16
40,10
40,10
40,10
40,10
4,5
4,5
4,5
4,5
13,3
13,3
13,3
13,3
16,8
16,8
16,8
16,8
8,4
8,4
8,4
8,4
28,6
28,6
28,6
28,6
56,16
56,16
56,16
56,16
4,2
4,2
4,2
4,2
20,4
20,4
20,4
20,4
12,4
12,4
12,4
12,4
6,3
6,3
6,3
6,3
20,4
20,4
20,4
20,4
104,21
104,21
104,21
104,21
13,13
13,13
13,13
13,13
120,32
120,32
120,32
120,32
80,16
80,16
80,16
80,16
20,4
20,4
20,4
20,4
20,4
20,4
20,4
20,4
160,32
160,32
160,32
160,32
56,20
56,20
56,20
56,20
45,13
45,13
45,13
45,13
96,160
96,160
96,160
96,160
24,20
24,20
24,20
24,20
56,16
56,16
56,16
56,16
64,32
64,32
64,32
64,32
13,8
13,8
13,8
13,8
20,10
20,10
20,10
20,10
32,8
32,8
32,8
32,8
56,12
56,12
56,12
56,12
480,128
480,128
480,128
480,128
14,3
14,3
14,3
14,3
20,4
20,4
20,4
20,4
480,160
480,160
480,160
480,160
32,16
32,16
32,16
32,16
80,16
80,16
80,16
80,16
224,45
224,45
224,45
224,45
12,4
12,4
12,4
12,4
20,4
20,4
20,4
20,4
480,128
480,128
480,128
480,128
12,8
12,8
12,8
12,8
12,3
12,3
12,3
12,3
4,8
4,8
4,8
4,8
13,3
13,3
13,3
13,3
320,80
320,80
320,80
320,80
160,32
160,32
160,32
160,32
32,7
32,7
32,7
32,7
112,45
112,45
112,45
112,45
12,6
12,6
12,6
12,6
128,32
128,32
128,32
128,32
16,8
16,8
16,8
16,8
16,6
16,6
16,6
16,6
32,20
32,20
32,20
32,20
160,32
160,32
160,32
160,32
17,12
17,12
17,12
17,12
96,32
96,32
96,32
96,32
18,5
18,5
18,5
18,5
320,80
320,80
320,80
320,80
9,2
9,2
9,2
9,2
112,32
112,32
112,32
112,32
20,4
20,4
20,4
20,4
13,8
13,8
13,8
13,8
20,5
20,5
20,5
20,5
40,8
40,8
40,8
40,8
120,32
120,32
120,32
120,32
104,21
104,21
104,21
104,21
40,8
40,8
40,8
40,8
40,10
40,10
40,10
40,10
80,20
80,20
80,20
80,20
32,8
32,8
32,8
32,8
23,8
23,8
23,8
23,8
104,21
104,21
104,21
104,21
20,4
20,4
20,4
20,4
13,3
13,3
13,3
13,3
120,32
120,32
120,32
120,32
10,2
10,2
10,2
10,2
120,32
120,32
120,32
120,32
58,13
58,13
58,13
58,13
32,8
32,8
32,8
32,8
13,3
13,3
13,3
13,3
40,8
40,8
40,8
40,8
144,40
144,40
144,40
144,40
20,4
20,4
20,4
20,4
20,4
20,4
20,4
20,4
4,7
4,7
4,7
4,7
160,40
160,40
160,40
160,40
4,4
4,4
4,4
4,4
32,8
32,8
32,8
32,8
10,2
10,2
10,2
10,2
10,8
10,8
10,8
10,8
8,8
8,8
8,8
8,8
120,32
120,32
120,32
120,32
24,16
24,16
24,16
24,16
11,7
11,7
11,7
11,7
12,12
12,12
12,12
12,12
80,32
80,32
80,32
80,32
32,8
32,8
32,8
32,8
167,84
167,84
167,84
167,84
64,13
64,13
64,13
64,13
20,4
20,4
20,4
20,4
4,5
4,5
4,5
4,5
104,21
104,21
104,21
104,21
6,7
6,7
6,7
6,7
13,3
13,3
13,3
13,3
32,8
32,8
32,8
32,8
160,32
160,32
160,32
160,32
6,6
6,6
6,6
6,6
56,12
56,12
56,12
56,12
7,3
7,3
7,3
7,3
104,21
104,21
104,21
104,21
80,20
80,20
80,20
80,20
9,6
9,6
9,6
9,6
144,40
144,40
144,40
144,40
12,5
12,5
12,5
12,5
26,6
26,6
26,6
26,6
16,7
16,7
16,7
16,7
13,6
13,6
13,6
13,6
4,8
4,8
4,8
4,8
40,8
40,8
40,8
40,8
160,32
160,32
160,32
160,32
32,7
32,7
32,7
32,7
157,45
157,45
157,45
157,45
80,16
80,16
80,16
80,16
26,7
26,7
26,7
26,7
8,6
8,6
8,6
8,6
120,32
120,32
120,32
120,32
120,32
120,32
120,32
120,32
13,3
13,3
13,3
13,3
40,10
40,10
40,10
40,10
80,16
80,16
80,16
80,16
20,4
20,4
20,4
20,4
2,2
2,2
2,2
2,2
120,32
120,32
120,32
120,32
40,8
40,8
40,8
40,8
23,45
23,45
23,45
23,45
24,32
24,32
24,32
24,32
56,16
56,16
56,16
56,16
128,26
128,26
128,26
128,26
90,45
90,45
90,45
90,45
6,3
6,3
6,3
6,3
32,8
32,8
32,8
32,8
20,4
20,4
20,4
20,4
52,13
52,13
52,13
52,13
24,16
24,16
24,16
24,16
64,16
64,16
64,16
64,16
80,16
80,16
80,16
80,16
40,8
40,8
40,8
40,8
20,4
20,4
20,4
20,4
6,3
6,3
6,3
6,3
16,7
16,7
16,7
16,7
64,16
64,16
64,16
64,16
4,4
4,4
4,4
4,4
14,3
14,3
14,3
14,3
36,32
36,32
36,32
36,32
16,20
16,20
16,20
16,20
20,5
20,5
20,5
20,5
21,6
21,6
21,6
21,6
10,2
10,2
10,2
10,2
240,160
240,160
240,160
240,160
48,32
48,32
48,32
48,32
64,16
64,16
64,16
64,16
96,32
96,32
96,32
96,32
6,3
6,3
6,3
6,3
18,4
18,4
18,4
18,4
52,13
52,13
52,13
52,13
96,32
96,32
96,32
96,32
160,32
160,32
160,32
160,32
11,26
11,26
11,26
11,26
112,32
112,32
112,32
112,32
120,32
120,32
120,32
120,32
108,32
108,32
108,32
108,32
23,8
23,8
23,8
23,8
256,52
256,52
256,52
256,52
40,10
40,10
40,10
40,10
56,23
56,23
56,23
56,23
160,40
160,40
160,40
160,40
64,13
64,13
64,13
64,13
14,3
14,3
14,3
14,3
8,10
8,10
8,10
8,10
112,23
112,23
112,23
112,23
52,13
52,13
52,13
52,13
29,8
29,8
29,8
29,8
120,32
120,32
120,32
120,32
80,16
80,16
80,16
80,16
144,32
144,32
144,32
144,32
80,20
80,20
80,20
80,20
32,13
32,13
32,13
32,13
208,84
208,84
208,84
208,84
32,8
32,8
32,8
32,8
32,16
32,16
32,16
32,16
45,45
45,45
45,45
45,45
39,13
39,13
39,13
39,13
13,3
13,3
13,3
13,3
7,7
7,7
7,7
7,7
32,8
32,8
32,8
32,8
20,4
20,4
20,4
20,4
416,84
416,84
416,84
416,84
10,7
10,7
10,7
10,7
6,5
6,5
6,5
6,5
8,8
8,8
8,8
8,8
40,8
40,8
40,8
40,8
10,8
10,8
10,8
10,8
32,40
32,40
32,40
32,40
10,4
10,4
10,4
10,4
10,4
10,4
10,4
10,4
26,13
26,13
26,13
26,13
32,8
32,8
32,8
32,8
13,7
13,7
13,7
13,7
80,16
80,16
80,16
80,16
144,40
144,40
144,40
144,40
10,3
10,3
10,3
10,3
112,40
112,40
112,40
112,40
14,4
14,4
14,4
14,4
160,40
160,40
160,40
160,40
160,32
160,32
160,32
160,32
8,3
8,3
8,3
8,3
80,16
80,16
80,16
80,16
32,8
32,8
32,8
32,8
32,7
32,7
32,7
32,7
4,8
4,8
4,8
4,8
18,4
18,4
18,4
18,4
80,16
80,16
80,16
80,16
56,12
56,12
56,12
56,12
20,5
20,5
20,5
20,5
40,8
40,8
40,8
40,8
120,32
120,32
120,32
120,32
3,3
3,3
3,3
3,3
104,21
104,21
104,21
104,21
14,3
14,3
14,3
14,3
26,6
26,6
26,6
26,6
28,6
28,6
28,6
28,6
26,6
26,6
26,6
26,6
64,13
64,13
64,13
64,13
12,4
12,4
12,4
12,4
202,45
202,45
202,45
202,45
24,8
24,8
24,8
24,8
160,40
160,40
160,40
160,40
26,7
26,7
26,7
26,7
14,3
14,3
14,3
14,3
72,20
72,20
72,20
72,20
52,11
52,11
52,11
52,11
32,26
32,26
32,26
32,26
14,3
14,3
14,3
14,3
13,7
13,7
13,7
13,7
56,20
56,20
56,20
56,20
16,8
16,8
16,8
16,8
14,4
14,4
14,4
14,4
48,16
48,16
48,16
48,16
64,13
64,13
64,13
64,13
40,8
40,8
40,8
40,8
13,4
13,4
13,4
13,4
40,10
40,10
40,10
40,10
20,4
20,4
20,4
20,4
13,8
13,8
13,8
13,8
48,16
48,16
48,16
48,16
160,32
160,32
160,32
160,32
40,8
40,8
40,8
40,8
28,8
28,8
28,8
28,8
32,8
32,8
32,8
32,8
20,13
20,13
20,13
20,13
13,3
13,3
13,3
13,3
40,16
40,16
40,16
40,16
80,16
80,16
80,16
80,16
160,40
160,40
160,40
160,40
40,8
40,8
40,8
40,8
16,16
16,16
16,16
16,16
20,13
20,13
20,13
20,13
32,7
32,7
32,7
32,7
13,26
13,26
13,26
13,26
40,8
40,8
40,8
40,8
72,20
72,20
72,20
72,20
40,8
40,8
40,8
40,8
112,23
112,23
112,23
112,23
24,16
24,16
24,16
24,16
32,7
32,7
32,7
32,7
52,13
52,13
52,13
52,13
8,10
8,10
8,10
8,10
10,2
10,2
10,2
10,2
480,128
480,128
480,128
480,128
80,20
80,20
80,20
80,20
32,7
32,7
32,7
32,7
32,7
32,7
32,7
32,7
40,8
40,8
40,8
40,8
13,4
13,4
13,4
13,4
24,32
24,32
24,32
24,32
144,160
144,160
144,160
144,160
80,20
80,20
80,20
80,20
64,16
64,16
64,16
64,16
32,8
32,8
32,8
32,8
32,8
32,8
32,8
32,8
240,64
240,64
240,64
240,64
13,7
13,7
13,7
13,7
1,2
1,2
1,2
1,2
24,20
24,20
24,20
24,20
20,4
20,4
20,4
20,4
40,8
40,8
40,8
40,8
20,4
20,4
20,4
20,4
32,8
32,8
32,8
32,8
32,8
32,8
32,8
32,8
19,7
19,7
19,7
19,7
20,5
20,5
20,5
20,5
40,10
40,10
40,10
40,10
32,40
32,40
32,40
32,40
32,40
32,40
32,40
32,40
20,5
20,5
20,5
20,5
56,23
56,23
56,23
56,23
10,2
10,2
10,2
10,2
32,13
32,13
32,13
32,13
52,11
52,11
52,11
52,11
160,32
160,32
160,32
160,32
104,26
104,26
104,26
104,26
80,20
80,20
80,20
80,20
80,16
80,16
80,16
80,16
13,3
13,3
13,3
13,3
80,16
80,16
80,16
80,16
40,8
40,8
40,8
40,8
64,20
64,20
64,20
64,20
40,8
40,8
40,8
40,8
224,45
224,45
224,45
224,45
8,4
8,4
8,4
8,4
6,2
6,2
6,2
6,2
40,8
40,8
40,8
40,8
32,8
32,8
32,8
32,8
45,12
45,12
45,12
45,12
96,32
96,32
96,32
96,32
40,10
40,10
40,10
40,10
48,32
48,32
48,32
48,32
20,5
20,5
20,5
20,5
128,32
128,32
128,32
128,32
12,8
12,8
12,8
12,8
10,2
10,2
10,2
10,2
125,42
125,42
125,42
125,42
4,2
4,2
4,2
4,2
72,32
72,32
72,32
72,32
120,32
120,32
120,32
120,32
6,6
6,6
6,6
6,6
20,4
20,4
20,4
20,4
2,3
2,3
2,3
2,3
40,10
40,10
40,10
40,10
8,20
8,20
8,20
8,20
8,16
8,16
8,16
8,16
18,4
18,4
18,4
18,4
160,40
160,40
160,40
160,40
10,2
10,2
10,2
10,2
52,13
52,13
52,13
52,13
128,26
128,26
128,26
128,26
7,8
7,8
7,8
7,8
32,8
32,8
32,8
32,8
13,4
13,4
13,4
13,4
480,160
480,160
480,160
480,160
52,11
52,11
52,11
52,11
112,32
112,32
112,32
112,32
40,8
40,8
40,8
40,8
26,7
26,7
26,7
26,7
16,8
16,8
16,8
16,8
2,4
2,4
2,4
2,4
16,7
16,7
16,7
16,7
20,8
20,8
20,8
20,8
24,32
24,32
24,32
24,32
13,3
13,3
13,3
13,3
34,12
34,12
34,12
34,12
4,7
4,7
4,7
4,7
40,16
40,16
40,16
40,16
20,8
20,8
20,8
20,8
10,2
10,2
10,2
10,2
4,4
4,4
4,4
4,4
20,5
20,5
20,5
20,5
90,26
90,26
90,26
90,26
160,32
160,32
160,32
160,32
6,6
6,6
6,6
6,6
224,45
224,45
224,45
224,45
56,20
56,20
56,20
56,20
13,8
13,8
13,8
13,8
20,4
20,4
20,4
20,4
80,20
80,20
80,20
80,20
80,20
80,20
80,20
80,20
40,8
40,8
40,8
40,8
24,8
24,8
24,8
24,8
40,8
40,8
40,8
40,8
32,8
32,8
32,8
32,8
12,32
12,32
12,32
12,32
256,52
256,52
256,52
256,52
77,26
77,26
77,26
77,26
40,10
40,10
40,10
40,10
32,7
32,7
32,7
32,7
20,4
20,4
20,4
20,4
120,32
120,32
120,32
120,32
7,13
7,13
7,13
7,13
20,5
20,5
20,5
20,5
20,4
20,4
20,4
20,4
20,4
20,4
20,4
20,4
32,7
32,7
32,7
32,7
80,20
80,20
80,20
80,20
84,32
84,32
84,32
84,32
10,2
10,2
10,2
10,2
10,8
10,8
10,8
10,8
2,5
2,5
2,5
2,5
32,7
32,7
32,7
32,7
80,16
80,16
80,16
80,16
10,4
10,4
10,4
10,4
56,16
56,16
56,16
56,16
32,8
32,8
32,8
32,8
320,80
320,80
320,80
320,80
108,32
108,32
108,32
108,32
40,8
40,8
40,8
40,8
39,26
39,26
39,26
39,26
13,6
13,6
13,6
13,6
10,4
10,4
10,4
10,4
60,32
60,32
60,32
60,32
7,8
7,8
7,8
7,8
96,32
96,32
96,32
96,32
6,3
6,3
6,3
6,3
64,16
64,16
64,16
64,16
32,7
32,7
32,7
32,7
120,32
120,32
120,32
120,32
240,64
240,64
240,64
240,64
13,4
13,4
13,4
13,4
160,32
160,32
160,32
160,32
13,3
13,3
13,3
13,3
56,12
56,12
56,12
56,12
240,64
240,64
240,64
240,64
13,3
13,3
13,3
13,3
480,128
480,128
480,128
480,128
64,13
64,13
64,13
64,13
12,32
12,32
12,32
12,32
52,11
52,11
52,11
52,11
16,16
16,16
16,16
16,16
10,5
10,5
10,5
10,5
20,8
20,8
20,8
20,8
120,32
120,32
120,32
120,32
40,20
40,20
40,20
40,20
56,16
56,16
56,16
56,16
120,32
120,32
120,32
120,32
23,7
23,7
23,7
23,7
58,13
58,13
58,13
58,13
32,7
32,7
32,7
32,7
4,7
4,7
4,7
4,7
21,21
21,21
21,21
21,21
32,8
32,8
32,8
32,8
40,8
40,8
40,8
40,8
20,8
20,8
20,8
20,8
80,16
80,16
80,16
80,16
64,40
64,40
64,40
64,40
21,42
21,42
21,42
21,42
14,3
14,3
14,3
14,3
32,16
32,16
32,16
32,16
2,5
2,5
2,5
2,5
112,23
112,23
112,23
112,23
160,32
160,32
160,32
160,32
13,3
13,3
13,3
13,3
63,42
63,42
63,42
63,42
40,8
40,8
40,8
40,8
7,2
7,2
7,2
7,2
80,40
80,40
80,40
80,40
26,6
26,6
26,6
26,6
120,32
120,32
120,32
120,32
40,8
40,8
40,8
40,8
320,80
320,80
320,80
320,80
32,8
32,8
32,8
32,8
13,3
13,3
13,3
13,3
48,16
48,16
48,16
48,16
13,3
13,3
13,3
13,3
80,16
80,16
80,16
80,16
12,4
12,4
12,4
12,4
160,32
160,32
160,32
160,32
96,64
96,64
96,64
96,64
32,8
32,8
32,8
32,8
40,8
40,8
40,8
40,8
32,8
32,8
32,8
32,8
120,32
120,32
120,32
120,32
20,4
20,4
20,4
20,4
32,8
32,8
32,8
32,8
3,7
3,7
3,7
3,7
40,8
40,8
40,8
40,8
32,8
32,8
32,8
32,8
80,20
80,20
80,20
80,20
48,32
48,32
48,32
48,32
160,40
160,40
160,40
160,40
24,8
24,8
24,8
24,8
80,20
80,20
80,20
80,20
64,13
64,13
64,13
64,13
48,32
48,32
48,32
48,32
40,10
40,10
40,10
40,10
24,6
24,6
24,6
24,6
32,8
32,8
32,8
32,8
29,8
29,8
29,8
29,8
112,23
112,23
112,23
112,23
10,2
10,2
10,2
10,2
12,32
12,32
12,32
12,32
80,16
80,16
80,16
80,16
40,8
40,8
40,8
40,8
80,16
80,16
80,16
80,16
80,16
80,16
80,16
80,16
7,2
7,2
7,2
7,2
14,3
14,3
14,3
14,3
80,16
80,16
80,16
80,16
32,8
32,8
32,8
32,8
8,16
8,16
8,16
8,16
40,8
40,8
40,8
40,8
94,26
94,26
94,26
94,26
10,2
10,2
10,2
10,2
256,52
256,52
256,52
256,52
3,3
3,3
3,3
3,3
4,3
4,3
4,3
4,3
32,32
32,32
32,32
32,32
24,6
24,6
24,6
24,6
120,32
120,32
120,32
120,32
20,5
20,5
20,5
20,5
40,8
40,8
40,8
40,8
32,16
32,16
32,16
32,16
32,8
32,8
32,8
32,8
52,11
52,11
52,11
52,11
8,10
8,10
8,10
8,10
40,10
40,10
40,10
40,10
20,8
20,8
20,8
20,8
40,8
40,8
40,8
40,8
72,32
72,32
72,32
72,32
11,21
11,21
11,21
11,21
80,32
80,32
80,32
80,32
144,32
144,32
144,32
144,32
10,8
10,8
10,8
10,8
6,4
6,4
6,4
6,4
40,10
40,10
40,10
40,10
120,32
120,32
120,32
120,32
4,10
4,10
4,10
4,10
40,8
40,8
40,8
40,8
4,8
4,8
4,8
4,8
104,21
104,21
104,21
104,21
64,13
64,13
64,13
64,13
48,40
48,40
48,40
48,40
7,8
7,8
7,8
7,8
32,7
32,7
32,7
32,7
10,4
10,4
10,4
10,4
20,4
20,4
20,4
20,4
68,23
68,23
68,23
68,23
20,4
20,4
20,4
20,4
13,3
13,3
13,3
13,3
120,32
120,32
120,32
120,32
80,16
80,16
80,16
80,16
128,40
128,40
128,40
128,40
32,8
32,8
32,8
32,8
32,8
32,8
32,8
32,8
1,2
1,2
1,2
1,2
40,8
40,8
40,8
40,8
80,16
80,16
80,16
80,16
80,16
80,16
80,16
80,16
26,7
26,7
26,7
26,7
12,8
12,8
12,8
12,8
80,16
80,16
80,16
80,16
19,6
19,6
19,6
19,6
20,5
20,5
20,5
20,5
24,8
24,8
24,8
24,8
480,160
480,160
480,160
480,160
84,21
84,21
84,21
84,21
2,3
2,3
2,3
2,3
52,11
52,11
52,11
52,11
120,32
120,32
120,32
120,32
120,32
120,32
120,32
120,32
108,32
108,32
108,32
108,32
10,3
10,3
10,3
10,3
32,7
32,7
32,7
32,7
480,128
480,128
480,128
480,128
8,4
8,4
8,4
8,4
256,52
256,52
256,52
256,52
29,8
29,8
29,8
29,8
80,16
80,16
80,16
80,16
4,4
4,4
4,4
4,4
10,2
10,2
10,2
10,2
26,6
26,6
26,6
26,6
12,4
12,4
12,4
12,4
64,13
64,13
64,13
64,13
80,20
80,20
80,20
80,20
45,13
45,13
45,13
45,13
26,7
26,7
26,7
26,7
128,26
128,26
128,26
128,26
36,10
36,10
36,10
36,10
104,21
104,21
104,21
104,21
112,23
112,23
112,23
112,23
52,11
52,11
52,11
52,11
77,52
77,52
77,52
77,52
20,8
20,8
20,8
20,8
52,13
52,13
52,13
52,13
40,8
40,8
40,8
40,8
40,8
40,8
40,8
40,8
6,6
6,6
6,6
6,6
10,2
10,2
10,2
10,2
10,2
10,2
10,2
10,2
40,8
40,8
40,8
40,8
64,13
64,13
64,13
64,13
2,4
2,4
2,4
2,4
4,3
4,3
4,3
4,3
32,7
32,7
32,7
32,7
384,160
384,160
384,160
384,160
64,13
64,13
64,13
64,13
32,8
32,8
32,8
32,8
10,3
10,3
10,3
10,3
32,8
32,8
32,8
32,8
42,11
42,11
42,11
42,11
17,12
17,12
17,12
17,12
480,160
480,160
480,160
480,160
20,4
20,4
20,4
20,4
80,20
80,20
80,20
80,20
112,23
112,23
112,23
112,23
32,8
32,8
32,8
32,8
32,8
32,8
32,8
32,8
80,20
80,20
80,20
80,20
6,5
6,5
6,5
6,5
9,3
9,3
9,3
9,3
13,3
13,3
13,3
13,3
104,26
104,26
104,26
104,26
40,10
40,10
40,10
40,10
56,12
56,12
56,12
56,12
4,8
4,8
4,8
4,8
40,10
40,10
40,10
40,10
26,6
26,6
26,6
26,6
120,32
120,32
120,32
120,32
40,8
40,8
40,8
40,8
80,20
80,20
80,20
80,20
10,3
10,3
10,3
10,3
14,3
14,3
14,3
14,3
16,4
16,4
16,4
16,4
10,2
10,2
10,2
10,2
48,40
48,40
48,40
48,40
80,16
80,16
80,16
80,16
208,42
208,42
208,42
208,42
56,12
56,12
56,12
56,12
23,7
23,7
23,7
23,7
6,4
6,4
6,4
6,4
40,8
40,8
40,8
40,8
8,4
8,4
8,4
8,4
20,4
20,4
20,4
20,4
64,13
64,13
64,13
64,13
64,13
64,13
64,13
64,13
104,42
104,42
104,42
104,42
10,2
10,2
10,2
10,2
160,40
160,40
160,40
160,40
240,64
240,64
240,64
240,64
26,8
26,8
26,8
26,8
4,10
4,10
4,10
4,10
10,2
10,2
10,2
10,2
120,32
120,32
120,32
120,32
3,2
3,2
3,2
3,2
20,5
20,5
20,5
20,5
108,32
108,32
108,32
108,32
16,8
16,8
16,8
16,8
20,4
20,4
20,4
20,4
20,4
20,4
20,4
20,4
20,4
20,4
20,4
20,4
80,16
80,16
80,16
80,16
120,32
120,32
120,32
120,32
8,4
8,4
8,4
8,4
160,32
160,32
160,32
160,32
160,32
160,32
160,32
160,32
480,128
480,128
480,128
480,128
6,4
6,4
6,4
6,4
32,8
32,8
32,8
32,8
32,8
32,8
32,8
32,8
160,32
160,32
160,32
160,32
28,6
28,6
28,6
28,6
13,3
13,3
13,3
13,3
60,32
60,32
60,32
60,32
40,8
40,8
40,8
40,8
56,12
56,12
56,12
56,12
80,16
80,16
80,16
80,16
48,128
48,128
48,128
48,128
8,16
8,16
8,16
8,16
28,10
28,10
28,10
28,10
80,16
80,16
80,16
80,16
4,8
4,8
4,8
4,8
29,8
29,8
29,8
29,8
52,11
52,11
52,11
52,11
13,8
13,8
13,8
13,8
80,16
80,16
80,16
80,16
80,20
80,20
80,20
80,20
32,7
32,7
32,7
32,7
10,8
10,8
10,8
10,8
4,3
4,3
4,3
4,3
8,20
8,20
8,20
8,20
32,8
32,8
32,8
32,8
12,8
12,8
12,8
12,8
112,23
112,23
112,23
112,23
20,5
20,5
20,5
20,5
20,10
20,10
20,10
20,10
32,7
32,7
32,7
32,7
23,7
23,7
23,7
23,7
20,5
20,5
20,5
20,5
36,10
36,10
36,10
36,10
32,8
32,8
32,8
32,8
28,6
28,6
28,6
28,6
104,21
104,21
104,21
104,21
160,32
160,32
160,32
160,32
10,2
10,2
10,2
10,2
16,32
16,32
16,32
16,32
160,40
160,40
160,40
160,40
14,6
14,6
14,6
14,6
336,128
336,128
336,128
336,128
8,8
8,8
8,8
8,8
32,32
32,32
32,32
32,32
8,3
8,3
8,3
8,3
208,42
208,42
208,42
208,42
80,20
80,20
80,20
80,20
12,4
12,4
12,4
12,4
480,160
480,160
480,160
480,160
29,8
29,8
29,8
29,8
26,52
26,52
26,52
26,52
480,160
480,160
480,160
480,160
80,16
80,16
80,16
80,16
8,2
8,2
8,2
8,2
56,20
56,20
56,20
56,20
32,8
32,8
32,8
32,8
32,13
32,13
32,13
32,13
20,4
20,4
20,4
20,4
40,8
40,8
40,8
40,8
10,3
10,3
10,3
10,3
26,6
26,6
26,6
26,6
40,8
40,8
40,8
40,8
32,7
32,7
32,7
32,7
80,20
80,20
80,20
80,20
24,6
24,6
24,6
24,6
12,4
12,4
12,4
12,4
80,16
80,16
80,16
80,16
320,80
320,80
320,80
320,80
416,84
416,84
416,84
416,84
24,8
24,8
24,8
24,8
104,21
104,21
104,21
104,21
26,6
26,6
26,6
26,6
20,7
20,7
20,7
20,7
80,16
80,16
80,16
80,16
160,32
160,32
160,32
160,32
112,23
112,23
112,23
112,23
52,13
52,13
52,13
52,13
20,5
20,5
20,5
20,5
80,16
80,16
80,16
80,16
11,11
11,11
11,11
11,11
21,6
21,6
21,6
21,6
160,32
160,32
160,32
160,32
4,5
4,5
4,5
4,5
416,84
416,84
416,84
416,84
24,20
24,20
24,20
24,20
120,32
120,32
120,32
120,32
20,5
20,5
20,5
20,5
40,8
40,8
40,8
40,8
32,40
32,40
32,40
32,40
72,32
72,32
72,32
72,32
96,32
96,32
96,32
96,32
112,32
112,32
112,32
112,32
40,10
40,10
40,10
40,10
7,8
7,8
7,8
7,8
56,16
56,16
56,16
56,16
26,6
26,6
26,6
26,6
40,8
40,8
40,8
40,8
32,8
32,8
32,8
32,8
28,6
28,6
28,6
28,6
6,5
6,5
6,5
6,5
120,32
120,32
120,32
120,32
20,5
20,5
20,5
20,5
56,16
56,16
56,16
56,16
13,3
13,3
13,3
13,3
13,3
13,3
13,3
13,3
56,12
56,12
56,12
56,12
336,160
336,160
336,160
336,160
32,8
32,8
32,8
32,8
7,8
7,8
7,8
7,8
14,3
14,3
14,3
14,3
12,10
12,10
12,10
12,10
2,5
2,5
2,5
2,5
3,2
3,2
3,2
3,2
18,5
18,5
18,5
18,5
13,7
13,7
13,7
13,7
160,40
160,40
160,40
160,40
20,4
20,4
20,4
20,4
40,8
40,8
40,8
40,8
72,32
72,32
72,32
72,32
40,8
40,8
40,8
40,8
16,11
16,11
16,11
16,11
13,4
13,4
13,4
13,4
32,8
32,8
32,8
32,8
32,8
32,8
32,8
32,8
11,3
11,3
11,3
11,3
208,42
208,42
208,42
208,42
80,16
80,16
80,16
80,16
13,13
13,13
13,13
13,13
160,32
160,32
160,32
160,32
160,32
160,32
160,32
160,32
80,16
80,16
80,16
80,16
40,8
40,8
40,8
40,8
16,4
16,4
16,4
16,4
26,6
26,6
26,6
26,6
32,7
32,7
32,7
32,7
6,3
6,3
6,3
6,3
48,20
48,20
48,20
48,20
18,4
18,4
18,4
18,4
64,13
64,13
64,13
64,13
13,4
13,4
13,4
13,4
160,32
160,32
160,32
160,32
11,3
11,3
11,3
11,3
28,6
28,6
28,6
28,6
4,8
4,8
4,8
4,8
320,80
320,80
320,80
320,80
20,4
20,4
20,4
20,4
1,2
1,2
1,2
1,2
10,2
10,2
10,2
10,2
16,7
16,7
16,7
16,7
11,13
11,13
11,13
11,13
13,3
13,3
13,3
13,3
56,12
56,12
56,12
56,12
32,7
32,7
32,7
32,7
56,16
56,16
56,16
56,16
16,8
16,8
16,8
16,8
7,3
7,3
7,3
7,3
48,32
48,32
48,32
48,32
32,8
32,8
32,8
32,8
120,32
120,32
120,32
120,32
28,6
28,6
28,6
28,6
224,45
224,45
224,45
224,45
36,32
36,32
36,32
36,32
60,32
60,32
60,32
60,32
160,32
160,32
160,32
160,32
40,16
40,16
40,16
40,16
32,7
32,7
32,7
32,7
4,8
4,8
4,8
4,8
10,3
10,3
10,3
10,3
10,8
10,8
10,8
10,8
84,84
84,84
84,84
84,84
20,4
20,4
20,4
20,4
52,52
52,52
52,52
52,52
39,26
39,26
39,26
39,26
13,3
13,3
13,3
13,3
8,5
8,5
8,5
8,5
32,8
32,8
32,8
32,8
4,8
4,8
4,8
4,8
10,8
10,8
10,8
10,8
13,3
13,3
13,3
13,3
40,8
40,8
40,8
40,8
20,4
20,4
20,4
20,4
40,10
40,10
40,10
40,10
192,128
192,128
192,128
192,128
80,16
80,16
80,16
80,16
32,8
32,8
32,8
32,8
7,7
7,7
7,7
7,7
40,8
40,8
40,8
40,8
48,32
48,32
48,32
48,32
112,32
112,32
112,32
112,32
160,32
160,32
160,32
160,32
16,13
16,13
16,13
16,13
6,4
6,4
6,4
6,4
48,16
48,16
48,16
48,16
13,4
13,4
13,4
13,4
112,23
112,23
112,23
112,23
16,8
16,8
16,8
16,8
32,7
32,7
32,7
32,7
240,64
240,64
240,64
240,64
8,8
8,8
8,8
8,8
6,13
6,13
6,13
6,13
128,40
128,40
128,40
128,40
80,20
80,20
80,20
80,20
14,4
14,4
14,4
14,4
19,6
19,6
19,6
19,6
8,3
8,3
8,3
8,3
40,10
40,10
40,10
40,10
20,4
20,4
20,4
20,4
11,6
11,6
11,6
11,6
20,5
20,5
20,5
20,5
9,2
9,2
9,2
9,2
5,2
5,2
5,2
5,2
80,16
80,16
80,16
80,16
26,6
26,6
26,6
26,6
8,8
8,8
8,8
8,8
64,13
64,13
64,13
64,13
32,16
32,16
32,16
32,16
20,5
20,5
20,5
20,5
4,8
4,8
4,8
4,8
120,32
120,32
120,32
120,32
16,6
16,6
16,6
16,6
26,11
26,11
26,11
26,11
48,32
48,32
48,32
48,32
20,7
20,7
20,7
20,7
32,8
32,8
32,8
32,8
20,4
20,4
20,4
20,4
63,21
63,21
63,21
63,21
40,10
40,10
40,10
40,10
40,8
40,8
40,8
40,8
80,16
80,16
80,16
80,16
160,32
160,32
160,32
160,32
11,3
11,3
11,3
11,3
104,21
104,21
104,21
104,21
128,40
128,40
128,40
128,40
32,8
32,8
32,8
32,8
120,32
120,32
120,32
120,32
40,8
40,8
40,8
40,8
23,8
23,8
23,8
23,8
24,16
24,16
24,16
24,16
7,13
7,13
7,13
7,13
144,40
144,40
144,40
144,40
20,4
20,4
20,4
20,4
37,11
37,11
37,11
37,11
24,16
24,16
24,16
24,16
23,8
23,8
23,8
23,8
13,3
13,3
13,3
13,3
20,4
20,4
20,4
20,4
12,3
12,3
12,3
12,3
17,6
17,6
17,6
17,6
12,6
12,6
12,6
12,6
104,21
104,21
104,21
104,21
4,10
4,10
4,10
4,10
28,8
28,8
28,8
28,8
12,4
12,4
12,4
12,4
26,8
26,8
26,8
26,8
14,4
14,4
14,4
14,4
13,8
13,8
13,8
13,8
32,7
32,7
32,7
32,7
160,32
160,32
160,32
160,32
32,8
32,8
32,8
32,8
80,16
80,16
80,16
80,16
32,8
32,8
32,8
32,8
8,10
8,10
8,10
8,10
8,2
8,2
8,2
8,2
20,4
20,4
20,4
20,4
13,3
13,3
13,3
13,3
32,8
32,8
32,8
32,8
32,8
32,8
32,8
32,8
20,4
20,4
20,4
20,4
24,64
24,64
24,64
24,64
416,84
416,84
416,84
416,84
10,8
10,8
10,8
10,8
48,32
48,32
48,32
48,32
40,8
40,8
40,8
40,8
80,16
80,16
80,16
80,16
64,20
64,20
64,20
64,20
10,4
10,4
10,4
10,4
8,8
8,8
8,8
8,8
160,32
160,32
160,32
160,32
336,160
336,160
336,160
336,160
52,13
52,13
52,13
52,13
20,4
20,4
20,4
20,4
32,7
32,7
32,7
32,7
64,13
64,13
64,13
64,13
416,84
416,84
416,84
416,84
32,8
32,8
32,8
32,8
56,12
56,12
56,12
56,12
128,26
128,26
128,26
128,26
14,3
14,3
14,3
14,3
32,8
32,8
32,8
32,8
224,45
224,45
224,45
224,45
20,8
20,8
20,8
20,8
72,32
72,32
72,32
72,32
432,160
432,160
432,160
432,160
48,16
48,16
48,16
48,16
13,3
13,3
13,3
13,3
13,4
13,4
13,4
13,4
10,2
10,2
10,2
10,2
10,4
10,4
10,4
10,4
20,4
20,4
20,4
20,4
40,8
40,8
40,8
40,8
80,20
80,20
80,20
80,20
26,6
26,6
26,6
26,6
32,8
32,8
32,8
32,8
32,7
32,7
32,7
32,7
20,4
20,4
20,4
20,4
256,80
256,80
256,80
256,80
8,5
8,5
8,5
8,5
20,8
20,8
20,8
20,8
13,3
13,3
13,3
13,3
56,12
56,12
56,12
56,12
32,8
32,8
32,8
32,8
120,32
120,32
120,32
120,32
20,4
20,4
20,4
20,4
72,16
72,16
72,16
72,16
112,23
112,23
112,23
112,23
20,4
20,4
20,4
20,4
24,10
24,10
24,10
24,10
10,2
10,2
10,2
10,2
40,10
40,10
40,10
40,10
13,6
13,6
13,6
13,6
10,2
10,2
10,2
10,2
32,10
32,10
32,10
32,10
7,3
7,3
7,3
7,3
160,32
160,32
160,32
160,32
6,4
6,4
6,4
6,4
16,7
16,7
16,7
16,7
32,8
32,8
32,8
32,8
120,32
120,32
120,32
120,32
128,32
128,32
128,32
128,32
256,52
256,52
256,52
256,52
28,6
28,6
28,6
28,6
80,16
80,16
80,16
80,16
40,8
40,8
40,8
40,8
160,32
160,32
160,32
160,32
36,8
36,8
36,8
36,8
12,8
12,8
12,8
12,8
104,26
104,26
104,26
104,26
40,8
40,8
40,8
40,8
79,23
79,23
79,23
79,23
32,8
32,8
32,8
32,8
32,8
32,8
32,8
32,8
160,32
160,32
160,32
160,32
24,16
24,16
24,16
24,16
192,160
192,160
192,160
192,160
3,3
3,3
3,3
3,3
28,6
28,6
28,6
28,6
2,4
2,4
2,4
2,4
21,11
21,11
21,11
21,11
40,20
40,20
40,20
40,20
8,8
8,8
8,8
8,8
20,4
20,4
20,4
20,4
13,8
13,8
13,8
13,8
40,10
40,10
40,10
40,10
40,8
40,8
40,8
40,8
20,4
20,4
20,4
20,4
80,16
80,16
80,16
80,16
13,3
13,3
13,3
13,3
26,8
26,8
26,8
26,8
96,32
96,32
96,32
96,32
26,13
26,13
26,13
26,13
32,10
32,10
32,10
32,10
80,16
80,16
80,16
80,16
24,32
24,32
24,32
24,32
104,21
104,21
104,21
104,21
20,13
20,13
20,13
20,13
14,5
14,5
14,5
14,5
160,40
160,40
160,40
160,40
4,3
4,3
4,3
4,3
96,32
96,32
96,32
96,32
12,10
12,10
12,10
12,10
32,8
32,8
32,8
32,8
120,32
120,32
120,32
120,32
10,2
10,2
10,2
10,2
16,40
16,40
16,40
16,40
4,3
4,3
4,3
4,3
116,26
116,26
116,26
116,26
32,8
32,8
32,8
32,8
23,23
23,23
23,23
23,23
13,3
13,3
13,3
13,3
80,20
80,20
80,20
80,20
12,32
12,32
12,32
12,32
32,7
32,7
32,7
32,7
10,2
10,2
10,2
10,2
40,8
40,8
40,8
40,8
34,12
34,12
34,12
34,12
16,8
16,8
16,8
16,8
32,7
32,7
32,7
32,7
13,3
13,3
13,3
13,3
64,20
64,20
64,20
64,20
20,5
20,5
20,5
20,5
32,8
32,8
32,8
32,8
157,45
157,45
157,45
157,45
26,6
26,6
26,6
26,6
480,160
480,160
480,160
480,160
80,16
80,16
80,16
80,16
120,32
120,32
120,32
120,32
13,3
13,3
13,3
13,3
16,32
16,32
16,32
16,32
26,6
26,6
26,6
26,6
108,32
108,32
108,32
108,32
79,23
79,23
79,23
79,23
32,13
32,13
32,13
32,13
103,52
103,52
103,52
103,52
40,10
40,10
40,10
40,10
28,8
28,8
28,8
28,8
14,5
14,5
14,5
14,5
8,3
8,3
8,3
8,3
16,10
16,10
16,10
16,10
40,8
40,8
40,8
40,8
80,16
80,16
80,16
80,16
20,4
20,4
20,4
20,4
128,32
128,32
128,32
128,32
18,5
18,5
18,5
18,5
12,3
12,3
12,3
12,3
52,11
52,11
52,11
52,11
14,3
14,3
14,3
14,3
3,2
3,2
3,2
3,2
96,32
96,32
96,32
96,32
28,6
28,6
28,6
28,6
26,11
26,11
26,11
26,11
32,8
32,8
32,8
32,8
16,16
16,16
16,16
16,16
8,4
8,4
8,4
8,4
160,32
160,32
160,32
160,32
20,4
20,4
20,4
20,4
94,21
94,21
94,21
94,21
32,8
32,8
32,8
32,8
128,26
128,26
128,26
128,26
29,8
29,8
29,8
29,8
13,4
13,4
13,4
13,4
80,16
80,16
80,16
80,16
112,23
112,23
112,23
112,23
80,16
80,16
80,16
80,16
80,16
80,16
80,16
80,16
4,8
4,8
4,8
4,8
160,32
160,32
160,32
160,32
13,4
13,4
13,4
13,4
160,32
160,32
160,32
160,32
9,2
9,2
9,2
9,2
80,16
80,16
80,16
80,16
10,5
10,5
10,5
10,5
6,5
6,5
6,5
6,5
96,40
96,40
96,40
96,40
32,32
32,32
32,32
32,32
104,26
104,26
104,26
104,26
40,10
40,10
40,10
40,10
36,8
36,8
36,8
36,8
13,3
13,3
13,3
13,3
208,42
208,42
208,42
208,42
80,16
80,16
80,16
80,16
12,5
12,5
12,5
12,5
3,3
3,3
3,3
3,3
16,32
16,32
16,32
16,32
32,7
32,7
32,7
32,7
80,20
80,20
80,20
80,20
18,4
18,4
18,4
18,4
40,8
40,8
40,8
40,8
32,7
32,7
32,7
32,7
26,7
26,7
26,7
26,7
2,5
2,5
2,5
2,5
160,32
160,32
160,32
160,32
160,32
160,32
160,32
160,32
32,20
32,20
32,20
32,20
224,45
224,45
224,45
224,45
7,3
7,3
7,3
7,3
40,8
40,8
40,8
40,8
24,16
24,16
24,16
24,16
77,26
77,26
77,26
77,26
80,16
80,16
80,16
80,16
160,32
160,32
160,32
160,32
480,160
480,160
480,160
480,160
32,8
32,8
32,8
32,8
12,23
12,23
12,23
12,23
56,12
56,12
56,12
56,12
20,4
20,4
20,4
20,4
20,5
20,5
20,5
20,5
20,4
20,4
20,4
20,4
48,32
48,32
48,32
48,32
56,16
56,16
56,16
56,16
19,6
19,6
19,6
19,6
52,21
52,21
52,21
52,21
51,12
51,12
51,12
51,12
6,5
6,5
6,5
6,5
10,4
10,4
10,4
10,4
160,32
160,32
160,32
160,32
9,3
9,3
9,3
9,3
24,8
24,8
24,8
24,8
26,8
26,8
26,8
26,8
80,20
80,20
80,20
80,20
40,8
40,8
40,8
40,8
112,23
112,23
112,23
112,23
64,13
64,13
64,13
64,13
40,8
40,8
40,8
40,8
26,8
26,8
26,8
26,8
8,16
8,16
8,16
8,16
40,10
40,10
40,10
40,10
40,8
40,8
40,8
40,8
10,2
10,2
10,2
10,2
240,64
240,64
240,64
240,64
48,160
48,160
48,160
48,160
20,4
20,4
20,4
20,4
16,32
16,32
16,32
16,32
104,21
104,21
104,21
104,21
40,8
40,8
40,8
40,8
36,8
36,8
36,8
36,8
16,8
16,8
16,8
16,8
32,8
32,8
32,8
32,8
14,3
14,3
14,3
14,3
20,4
20,4
20,4
20,4
26,6
26,6
26,6
26,6
64,20
64,20
64,20
64,20
6,3
6,3
6,3
6,3
20,4
20,4
20,4
20,4
84,32
84,32
84,32
84,32
80,20
80,20
80,20
80,20
80,16
80,16
80,16
80,16
16,8
16,8
16,8
16,8
20,5
20,5
20,5
20,5
8,8
8,8
8,8
8,8
28,8
28,8
28,8
28,8
26,8
26,8
26,8
26,8
20,5
20,5
20,5
20,5
160,32
160,32
160,32
160,32
384,160
384,160
384,160
384,160
32,7
32,7
32,7
32,7
8,20
8,20
8,20
8,20
40,10
40,10
40,10
40,10
84,26
84,26
84,26
84,26
480,160
480,160
480,160
480,160
80,16
80,16
80,16
80,16
10,2
10,2
10,2
10,2
48,160
48,160
48,160
48,160
128,26
128,26
128,26
128,26
13,3
13,3
13,3
13,3
80,32
80,32
80,32
80,32
16,32
16,32
16,32
16,32
120,32
120,32
120,32
120,32
26,8
26,8
26,8
26,8
20,8
20,8
20,8
20,8
32,7
32,7
32,7
32,7
120,32
120,32
120,32
120,32
20,5
20,5
20,5
20,5
10,3
10,3
10,3
10,3
20,4
20,4
20,4
20,4
40,8
40,8
40,8
40,8
104,26
104,26
104,26
104,26
32,8
32,8
32,8
32,8
480,160
480,160
480,160
480,160
16,8
16,8
16,8
16,8
6,4
6,4
6,4
6,4
12,3
12,3
12,3
12,3
32,8
32,8
32,8
32,8
14,4
14,4
14,4
14,4
80,16
80,16
80,16
80,16
24,8
24,8
24,8
24,8
80,16
80,16
80,16
80,16
10,8
10,8
10,8
10,8
58,13
58,13
58,13
58,13
80,32
80,32
80,32
80,32
23,8
23,8
23,8
23,8
20,4
20,4
20,4
20,4
80,20
80,20
80,20
80,20
40,10
40,10
40,10
40,10
40,10
40,10
40,10
40,10
103,52
103,52
103,52
103,52
14,3
14,3
14,3
14,3
10,3
10,3
10,3
10,3
20,5
20,5
20,5
20,5
12,4
12,4
12,4
12,4
192,64
192,64
192,64
192,64
12,32
12,32
12,32
12,32
32,8
32,8
32,8
32,8
28,6
28,6
28,6
28,6
80,16
80,16
80,16
80,16
40,10
40,10
40,10
40,10
160,32
160,32
160,32
160,32
40,8
40,8
40,8
40,8
20,8
20,8
20,8
20,8
80,16
80,16
80,16
80,16
32,7
32,7
32,7
32,7
11,6
11,6
11,6
11,6
7,2
7,2
7,2
7,2
80,16
80,16
80,16
80,16
40,10
40,10
40,10
40,10
21,11
21,11
21,11
21,11
80,16
80,16
80,16
80,16
26,8
26,8
26,8
26,8
40,8
40,8
40,8
40,8
120,32
120,32
120,32
120,32
8,4
8,4
8,4
8,4
56,12
56,12
56,12
56,12
4,5
4,5
4,5
4,5
14,3
14,3
14,3
14,3
13,13
13,13
13,13
13,13
40,8
40,8
40,8
40,8
12,5
12,5
12,5
12,5
13,8
13,8
13,8
13,8
40,8
40,8
40,8
40,8
120,32
120,32
120,32
120,32
20,5
20,5
20,5
20,5
80,16
80,16
80,16
80,16
320,80
320,80
320,80
320,80
120,32
120,32
120,32
120,32
32,8
32,8
32,8
32,8
52,11
52,11
52,11
52,11
6,4
6,4
6,4
6,4
8,4
8,4
8,4
8,4
9,2
9,2
9,2
9,2
32,8
32,8
32,8
32,8
8,16
8,16
8,16
8,16
12,8
12,8
12,8
12,8
10,5
10,5
10,5
10,5
4,10
4,10
4,10
4,10
40,10
40,10
40,10
40,10
32,7
32,7
32,7
32,7
40,10
40,10
40,10
40,10
36,10
36,10
36,10
36,10
20,10
20,10
20,10
20,10
20,4
20,4
20,4
20,4
3,4
3,4
3,4
3,4
26,6
26,6
26,6
26,6
42,84
42,84
42,84
42,84
12,8
12,8
12,8
12,8
28,6
28,6
28,6
28,6
64,13
64,13
64,13
64,13
120,32
120,32
120,32
120,32
40,8
40,8
40,8
40,8
42,21
42,21
42,21
42,21
480,160
480,160
480,160
480,160
40,8
40,8
40,8
40,8
26,8
26,8
26,8
26,8
160,32
160,32
160,32
160,32
80,16
80,16
80,16
80,16
32,8
32,8
32,8
32,8
23,8
23,8
23,8
23,8
13,4
13,4
13,4
13,4
80,16
80,16
80,16
80,16
26,8
26,8
26,8
26,8
256,52
256,52
256,52
256,52
64,13
64,13
64,13
64,13
26,6
26,6
26,6
26,6
48,32
48,32
48,32
48,32
32,10
32,10
32,10
32,10
80,16
80,16
80,16
80,16
40,8
40,8
40,8
40,8
32,7
32,7
32,7
32,7
224,45
224,45
224,45
224,45
144,32
144,32
144,32
144,32
36,8
36,8
36,8
36,8
80,16
80,16
80,16
80,16
40,10
40,10
40,10
40,10
104,21
104,21
104,21
104,21
18,4
18,4
18,4
18,4
26,7
26,7
26,7
26,7
26,6
26,6
26,6
26,6
32,7
32,7
32,7
32,7
21,21
21,21
21,21
21,21
23,45
23,45
23,45
23,45
80,40
80,40
80,40
80,40
4,8
4,8
4,8
4,8
4,4
4,4
4,4
4,4
28,6
28,6
28,6
28,6
40,8
40,8
40,8
40,8
32,20
32,20
32,20
32,20
120,32
120,32
120,32
120,32
29,8
29,8
29,8
29,8
120,32
120,32
120,32
120,32
63,21
63,21
63,21
63,21
480,160
480,160
480,160
480,160
20,5
20,5
20,5
20,5
160,32
160,32
160,32
160,32
120,32
120,32
120,32
120,32
112,23
112,23
112,23
112,23
16,16
16,16
16,16
16,16
3,6
3,6
3,6
3,6
12,4
12,4
12,4
12,4
224,45
224,45
224,45
224,45
80,16
80,16
80,16
80,16
64,16
64,16
64,16
64,16
40,10
40,10
40,10
40,10
40,8
40,8
40,8
40,8
32,7
32,7
32,7
32,7
144,32
144,32
144,32
144,32
11,11
11,11
11,11
11,11
240,64
240,64
240,64
240,64
29,8
29,8
29,8
29,8
72,32
72,32
72,32
72,32
20,5
20,5
20,5
20,5
256,52
256,52
256,52
256,52
32,8
32,8
32,8
32,8
13,3
13,3
13,3
13,3
10,7
10,7
10,7
10,7
4,2
4,2
4,2
4,2
64,13
64,13
64,13
64,13
20,10
20,10
20,10
20,10
6,12
6,12
6,12
6,12
77,52
77,52
77,52
77,52
20,4
20,4
20,4
20,4
120,32
120,32
120,32
120,32
120,32
120,32
120,32
120,32
120,32
120,32
120,32
120,32
29,7
29,7
29,7
29,7
40,20
40,20
40,20
40,20
154,52
154,52
154,52
154,52
32,7
32,7
32,7
32,7
128,32
128,32
128,32
128,32
32,8
32,8
32,8
32,8
72,32
72,32
72,32
72,32
13,4
13,4
13,4
13,4
9,2
9,2
9,2
9,2
80,16
80,16
80,16
80,16
20,5
20,5
20,5
20,5
128,80
128,80
128,80
128,80
29,8
29,8
29,8
29,8
10,8
10,8
10,8
10,8
42,42
42,42
42,42
42,42
3,6
3,6
3,6
3,6
120,32
120,32
120,32
120,32
13,3
13,3
13,3
13,3
20,4
20,4
20,4
20,4
48,40
48,40
48,40
48,40
288,160
288,160
288,160
288,160
32,8
32,8
32,8
32,8
20,4
20,4
20,4
20,4
60,32
60,32
60,32
60,32
96,32
96,32
96,32
96,32
208,42
208,42
208,42
208,42
40,8
40,8
40,8
40,8
11,4
11,4
11,4
11,4
160,32
160,32
160,32
160,32
32,10
32,10
32,10
32,10
32,8
32,8
32,8
32,8
4,8
4,8
4,8
4,8
8,7
8,7
8,7
8,7
47,11
47,11
47,11
47,11
4,8
4,8
4,8
4,8
32,8
32,8
32,8
32,8
32,8
32,8
32,8
32,8
5,3
5,3
5,3
5,3
160,32
160,32
160,32
160,32
32,8
32,8
32,8
32,8
2,4
2,4
2,4
2,4
320,80
320,80
320,80
320,80
20,5
20,5
20,5
20,5
64,13
64,13
64,13
64,13
3,6
3,6
3,6
3,6
40,12
40,12
40,12
40,12
72,16
72,16
72,16
72,16
56,12
56,12
56,12
56,12
9,6
9,6
9,6
9,6
40,8
40,8
40,8
40,8
40,8
40,8
40,8
40,8
4,8
4,8
4,8
4,8
160,32
160,32
160,32
160,32
120,32
120,32
120,32
120,32
32,8
32,8
32,8
32,8
64,40
64,40
64,40
64,40
80,16
80,16
80,16
80,16
2,4
2,4
2,4
2,4
28,10
28,10
28,10
28,10
40,8
40,8
40,8
40,8
256,52
256,52
256,52
256,52
40,10
40,10
40,10
40,10
10,2
10,2
10,2
10,2
20,5
20,5
20,5
20,5
80,20
80,20
80,20
80,20
96,40
96,40
96,40
96,40
32,8
32,8
32,8
32,8
10,2
10,2
10,2
10,2
26,7
26,7
26,7
26,7
16,16
16,16
16,16
16,16
208,42
208,42
208,42
208,42
26,8
26,8
26,8
26,8
34,23
34,23
34,23
34,23
40,8
40,8
40,8
40,8
128,26
128,26
128,26
128,26
160,32
160,32
160,32
160,32
40,8
40,8
40,8
40,8
8,8
8,8
8,8
8,8
28,6
28,6
28,6
28,6
68,23
68,23
68,23
68,23
108,32
108,32
108,32
108,32
120,32
120,32
120,32
120,32
112,23
112,23
112,23
112,23
7,3
7,3
7,3
7,3
32,16
32,16
32,16
32,16
1,2
1,2
1,2
1,2
56,12
56,12
56,12
56,12
60,32
60,32
60,32
60,32
104,21
104,21
104,21
104,21
13,8
13,8
13,8
13,8
120,32
120,32
120,32
120,32
16,32
16,32
16,32
16,32
51,12
51,12
51,12
51,12
13,3
13,3
13,3
13,3
20,4
20,4
20,4
20,4
10,4
10,4
10,4
10,4
37,13
37,13
37,13
37,13
40,10
40,10
40,10
40,10
64,32
64,32
64,32
64,32
80,16
80,16
80,16
80,16
32,7
32,7
32,7
32,7
4,4
4,4
4,4
4,4
80,20
80,20
80,20
80,20
32,8
32,8
32,8
32,8
48,20
48,20
48,20
48,20
64,13
64,13
64,13
64,13
64,16
64,16
64,16
64,16
80,16
80,16
80,16
80,16
64,40
64,40
64,40
64,40
28,6
28,6
28,6
28,6
13,3
13,3
13,3
13,3
20,8
20,8
20,8
20,8
48,40
48,40
48,40
48,40
32,16
32,16
32,16
32,16
26,7
26,7
26,7
26,7
12,23
12,23
12,23
12,23
40,8
40,8
40,8
40,8
32,8
32,8
32,8
32,8
18,4
18,4
18,4
18,4
144,32
144,32
144,32
144,32
10,2
10,2
10,2
10,2
24,16
24,16
24,16
24,16
13,3
13,3
13,3
13,3
13,3
13,3
13,3
13,3
4,8
4,8
4,8
4,8
12,10
12,10
12,10
12,10
120,32
120,32
120,32
120,32
120,32
120,32
120,32
120,32
8,3
8,3
8,3
8,3
160,40
160,40
160,40
160,40
40,8
40,8
40,8
40,8
160,32
160,32
160,32
160,32
20,8
20,8
20,8
20,8
51,12
51,12
51,12
51,12
28,6
28,6
28,6
28,6
23,6
23,6
23,6
23,6
96,32
96,32
96,32
96,32
80,20
80,20
80,20
80,20
160,32
160,32
160,32
160,32
28,8
28,8
28,8
28,8
120,64
120,64
120,64
120,64
36,32
36,32
36,32
36,32
56,12
56,12
56,12
56,12
80,16
80,16
80,16
80,16
26,26
26,26
26,26
26,26
24,32
24,32
24,32
24,32
32,7
32,7
32,7
32,7
4,8
4,8
4,8
4,8
29,7
29,7
29,7
29,7
64,16
64,16
64,16
64,16
40,16
40,16
40,16
40,16
480,128
480,128
480,128
480,128
7,8
7,8
7,8
7,8
52,13
52,13
52,13
52,13
72,20
72,20
72,20
72,20
80,16
80,16
80,16
80,16
40,8
40,8
40,8
40,8
40,8
40,8
40,8
40,8
56,12
56,12
56,12
56,12
39,13
39,13
39,13
39,13
17,6
17,6
17,6
17,6
7,13
7,13
7,13
7,13
16,11
16,11
16,11
16,11
160,40
160,40
160,40
160,40
56,12
56,12
56,12
56,12
20,8
20,8
20,8
20,8
20,4
20,4
20,4
20,4
20,6
20,6
20,6
20,6
32,7
32,7
32,7
32,7
3,3
3,3
3,3
3,3
64,13
64,13
64,13
64,13
12,10
12,10
12,10
12,10
416,84
416,84
416,84
416,84
12,10
12,10
12,10
12,10
16,40
16,40
16,40
16,40
160,32
160,32
160,32
160,32
32,8
32,8
32,8
32,8
32,7
32,7
32,7
32,7
72,20
72,20
72,20
72,20
288,128
288,128
288,128
288,128
7,8
7,8
7,8
7,8
20,4
20,4
20,4
20,4
84,21
84,21
84,21
84,21
112,23
112,23
112,23
112,23
20,8
20,8
20,8
20,8
20,4
20,4
20,4
20,4
480,160
480,160
480,160
480,160
7,7
7,7
7,7
7,7
40,8
40,8
40,8
40,8
160,32
160,32
160,32
160,32
28,6
28,6
28,6
28,6
29,7
29,7
29,7
29,7
45,12
45,12
45,12
45,12
13,7
13,7
13,7
13,7
20,7
20,7
20,7
20,7
13,3
13,3
13,3
13,3
32,8
32,8
32,8
32,8
11,3
11,3
11,3
11,3
48,32
48,32
48,32
48,32
160,40
160,40
160,40
160,40
160,32
160,32
160,32
160,32
6,5
6,5
6,5
6,5
13,3
13,3
13,3
13,3
12,3
12,3
12,3
12,3
2,4
2,4
2,4
2,4
32,8
32,8
32,8
32,8
128,26
128,26
128,26
128,26
23,8
23,8
23,8
23,8
20,5
20,5
20,5
20,5
13,3
13,3
13,3
13,3
8,2
8,2
8,2
8,2
10,2
10,2
10,2
10,2
112,23
112,23
112,23
112,23
40,8
40,8
40,8
40,8
168,64
168,64
168,64
168,64
4,10
4,10
4,10
4,10
52,11
52,11
52,11
52,11
26,7
26,7
26,7
26,7
40,10
40,10
40,10
40,10
94,21
94,21
94,21
94,21
120,32
120,32
120,32
120,32
120,32
120,32
120,32
120,32
18,4
18,4
18,4
18,4
14,6
14,6
14,6
14,6
80,16
80,16
80,16
80,16
8,20
8,20
8,20
8,20
10,2
10,2
10,2
10,2
84,42
84,42
84,42
84,42
20,5
20,5
20,5
20,5
80,16
80,16
80,16
80,16
20,4
20,4
20,4
20,4
108,32
108,32
108,32
108,32
20,4
20,4
20,4
20,4
20,8
20,8
20,8
20,8
40,10
40,10
40,10
40,10
20,8
20,8
20,8
20,8
40,8
40,8
40,8
40,8
480,128
480,128
480,128
480,128
4,7
4,7
4,7
4,7
224,45
224,45
224,45
224,45
26,6
26,6
26,6
26,6
256,52
256,52
256,52
256,52
12,4
12,4
12,4
12,4
20,5
20,5
20,5
20,5
20,5
20,5
20,5
20,5
180,52
180,52
180,52
180,52
13,3
13,3
13,3
13,3
40,16
40,16
40,16
40,16
7,8
7,8
7,8
7,8
10,2
10,2
10,2
10,2
4,8
4,8
4,8
4,8
32,8
32,8
32,8
32,8
26,6
26,6
26,6
26,6
28,6
28,6
28,6
28,6
2,4
2,4
2,4
2,4
13,8
13,8
13,8
13,8
64,26
64,26
64,26
64,26
26,6
26,6
26,6
26,6
48,20
48,20
48,20
48,20
20,5
20,5
20,5
20,5
160,40
160,40
160,40
160,40
32,8
32,8
32,8
32,8
60,32
60,32
60,32
60,32
32,7
32,7
32,7
32,7
40,16
40,16
40,16
40,16
192,160
192,160
192,160
192,160
10,2
10,2
10,2
10,2
72,32
72,32
72,32
72,32
32,7
32,7
32,7
32,7
16,10
16,10
16,10
16,10
32,7
32,7
32,7
32,7
32,8
32,8
32,8
32,8
90,23
90,23
90,23
90,23
2,2
2,2
2,2
2,2
21,6
21,6
21,6
21,6
128,26
128,26
128,26
128,26
375,84
375,84
375,84
375,84
48,32
48,32
48,32
48,32
160,40
160,40
160,40
160,40
32,8
32,8
32,8
32,8
128,26
128,26
128,26
128,26
180,45
180,45
180,45
180,45
56,12
56,12
56,12
56,12
40,20
40,20
40,20
40,20
32,7
32,7
32,7
32,7
160,32
160,32
160,32
160,32
20,4
20,4
20,4
20,4
4,10
4,10
4,10
4,10
13,3
13,3
13,3
13,3
12,32
12,32
12,32
12,32
120,32
120,32
120,32
120,32
28,6
28,6
28,6
28,6
20,5
20,5
20,5
20,5
20,5
20,5
20,5
20,5
56,12
56,12
56,12
56,12
10,2
10,2
10,2
10,2
80,16
80,16
80,16
80,16
80,16
80,16
80,16
80,16
21,26
21,26
21,26
21,26
8,10
8,10
8,10
8,10
160,32
160,32
160,32
160,32
40,8
40,8
40,8
40,8
32,8
32,8
32,8
32,8
160,40
160,40
160,40
160,40
39,13
39,13
39,13
39,13
32,8
32,8
32,8
32,8
28,6
28,6
28,6
28,6
48,16
48,16
48,16
48,16
20,8
20,8
20,8
20,8
180,52
180,52
180,52
180,52
32,7
32,7
32,7
32,7
14,3
14,3
14,3
14,3
120,32
120,32
120,32
120,32
180,45
180,45
180,45
180,45
56,12
56,12
56,12
56,12
28,6
28,6
28,6
28,6
12,32
12,32
12,32
12,32
32,8
32,8
32,8
32,8
7,3
7,3
7,3
7,3
120,32
120,32
120,32
120,32
32,8
32,8
32,8
32,8
20,4
20,4
20,4
20,4
48,20
48,20
48,20
48,20
24,10
24,10
24,10
24,10
32,8
32,8
32,8
32,8
8,8
8,8
8,8
8,8
47,13
47,13
47,13
47,13
10,8
10,8
10,8
10,8
80,20
80,20
80,20
80,20
16,4
16,4
16,4
16,4
20,4
20,4
20,4
20,4
20,8
20,8
20,8
20,8
28,8
28,8
28,8
28,8
80,16
80,16
80,16
80,16
40,8
40,8
40,8
40,8
4,2
4,2
4,2
4,2
40,10
40,10
40,10
40,10
40,8
40,8
40,8
40,8
104,21
104,21
104,21
104,21
80,16
80,16
80,16
80,16
40,16
40,16
40,16
40,16
16,40
16,40
16,40
16,40
29,7
29,7
29,7
29,7
160,40
160,40
160,40
160,40
16,20
16,20
16,20
16,20
4,7
4,7
4,7
4,7
23,8
23,8
23,8
23,8
40,10
40,10
40,10
40,10
32,8
32,8
32,8
32,8
16,8
16,8
16,8
16,8
4,8
4,8
4,8
4,8
13,3
13,3
13,3
13,3
104,26
104,26
104,26
104,26
32,80
32,80
32,80
32,80
12,32
12,32
12,32
12,32
20,8
20,8
20,8
20,8
6,4
6,4
6,4
6,4
32,8
32,8
32,8
32,8
32,7
32,7
32,7
32,7
36,8
36,8
36,8
36,8
32,8
32,8
32,8
32,8
14,4
14,4
14,4
14,4
26,6
26,6
26,6
26,6
18,4
18,4
18,4
18,4
80,20
80,20
80,20
80,20
40,8
40,8
40,8
40,8
26,13
26,13
26,13
26,13
80,16
80,16
80,16
80,16
20,4
20,4
20,4
20,4
48,32
48,32
48,32
48,32
16,7
16,7
16,7
16,7
40,10
40,10
40,10
40,10
9,6
9,6
9,6
9,6
32,8
32,8
32,8
32,8
26,7
26,7
26,7
26,7
40,10
40,10
40,10
40,10
48,32
48,32
48,32
48,32
72,32
72,32
72,32
72,32
6,2
6,2
6,2
6,2
40,8
40,8
40,8
40,8
48,64
48,64
48,64
48,64
90,23
90,23
90,23
90,23
32,8
32,8
32,8
32,8
16,4
16,4
16,4
16,4
36,10
36,10
36,10
36,10
10,2
10,2
10,2
10,2
20,4
20,4
20,4
20,4
28,12
28,12
28,12
28,12
20,4
20,4
20,4
20,4
32,8
32,8
32,8
32,8
416,84
416,84
416,84
416,84
160,32
160,32
160,32
160,32
80,40
80,40
80,40
80,40
48,32
48,32
48,32
48,32
8,16
8,16
8,16
8,16
12,8
12,8
12,8
12,8
14,3
14,3
14,3
14,3
32,8
32,8
32,8
32,8
16,16
16,16
16,16
16,16
14,3
14,3
14,3
14,3
64,32
64,32
64,32
64,32
80,16
80,16
80,16
80,16
128,32
128,32
128,32
128,32
104,26
104,26
104,26
104,26
96,32
96,32
96,32
96,32
32,20
32,20
32,20
32,20
112,32
112,32
112,32
112,32
240,64
240,64
240,64
240,64
40,8
40,8
40,8
40,8
32,8
32,8
32,8
32,8
64,32
64,32
64,32
64,32
20,4
20,4
20,4
20,4
20,5
20,5
20,5
20,5
16,10
16,10
16,10
16,10
20,4
20,4
20,4
20,4
104,26
104,26
104,26
104,26
26,6
26,6
26,6
26,6
96,128
96,128
96,128
96,128
40,8
40,8
40,8
40,8
10,2
10,2
10,2
10,2
208,42
208,42
208,42
208,42
160,32
160,32
160,32
160,32
256,52
256,52
256,52
256,52
80,20
80,20
80,20
80,20
128,26
128,26
128,26
128,26
120,32
120,32
120,32
120,32
32,8
32,8
32,8
32,8
160,32
160,32
160,32
160,32
160,40
160,40
160,40
160,40
160,32
160,32
160,32
160,32
80,20
80,20
80,20
80,20
7,7
7,7
7,7
7,7
4,8
4,8
4,8
4,8
26,6
26,6
26,6
26,6
160,32
160,32
160,32
160,32
160,32
160,32
160,32
160,32
96,32
96,32
96,32
96,32
36,32
36,32
36,32
36,32
52,21
52,21
52,21
52,21
6,4
6,4
6,4
6,4
40,8
40,8
40,8
40,8
32,8
32,8
32,8
32,8
80,16
80,16
80,16
80,16
14,5
14,5
14,5
14,5
103,26
103,26
103,26
103,26
120,32
120,32
120,32
120,32
12,32
12,32
12,32
12,32
32,7
32,7
32,7
32,7
13,4
13,4
13,4
13,4
10,2
10,2
10,2
10,2
13,3
13,3
13,3
13,3
16,5
16,5
16,5
16,5
160,32
160,32
160,32
160,32
32,8
32,8
32,8
32,8
20,8
20,8
20,8
20,8
26,6
26,6
26,6
26,6
6,12
6,12
6,12
6,12
14,4
14,4
14,4
14,4
20,5
20,5
20,5
20,5
160,32
160,32
160,32
160,32
40,10
40,10
40,10
40,10
12,5
12,5
12,5
12,5
40,10
40,10
40,10
40,10
10,2
10,2
10,2
10,2
9,3
9,3
9,3
9,3
24,32
24,32
24,32
24,32
160,32
160,32
160,32
160,32
32,8
32,8
32,8
32,8
52,11
52,11
52,11
52,11
13,3
13,3
13,3
13,3
20,5
20,5
20,5
20,5
10,7
10,7
10,7
10,7
28,6
28,6
28,6
28,6
13,3
13,3
13,3
13,3
64,26
64,26
64,26
64,26
18,4
18,4
18,4
18,4
4,8
4,8
4,8
4,8
20,5
20,5
20,5
20,5
32,10
32,10
32,10
32,10
120,32
120,32
120,32
120,32
18,5
18,5
18,5
18,5
32,8
32,8
32,8
32,8
52,26
52,26
52,26
52,26
32,20
32,20
32,20
32,20
20,5
20,5
20,5
20,5
40,10
40,10
40,10
40,10
80,16
80,16
80,16
80,16
32,11
32,11
32,11
32,11
32,7
32,7
32,7
32,7
4,8
4,8
4,8
4,8
14,3
14,3
14,3
14,3
160,40
160,40
160,40
160,40
40,10
40,10
40,10
40,10
56,12
56,12
56,12
56,12
26,6
26,6
26,6
26,6
40,8
40,8
40,8
40,8
32,8
32,8
32,8
32,8
160,32
160,32
160,32
160,32
16,4
16,4
16,4
16,4
20,4
20,4
20,4
20,4
32,7
32,7
32,7
32,7
32,8
32,8
32,8
32,8
32,21
32,21
32,21
32,21
160,40
160,40
160,40
160,40
256,52
256,52
256,52
256,52
42,21
42,21
42,21
42,21
16,8
16,8
16,8
16,8
20,4
20,4
20,4
20,4
10,7
10,7
10,7
10,7
128,26
128,26
128,26
128,26
10,2
10,2
10,2
10,2
48,16
48,16
48,16
48,16
20,5
20,5
20,5
20,5
40,8
40,8
40,8
40,8
80,16
80,16
80,16
80,16
72,16
72,16
72,16
72,16
64,13
64,13
64,13
64,13
112,23
112,23
112,23
112,23
224,45
224,45
224,45
224,45
64,80
64,80
64,80
64,80
16,8
16,8
16,8
16,8
48,16
48,16
48,16
48,16
4,4
4,4
4,4
4,4
16,4
16,4
16,4
16,4
14,3
14,3
14,3
14,3
80,20
80,20
80,20
80,20
250,84
250,84
250,84
250,84
